<?xml version="1.0" encoding="UTF-8"?>
<Tables>
	<Table tablename="table1">
		<ObjectName>table1</ObjectName>
		<NumberOfRowsToInsert>5000</NumberOfRowsToInsert>
		<PrimaryKeys>
			<PrimaryKey>column1</PrimaryKey>
			<PrimaryKey>column2</PrimaryKey>
		</PrimaryKeys>

		<Columns>
			<Column>
				<ColumnName>column1</ColumnName>
				<DataType>String</DataType>
				<MaxLength>6</MaxLength>
				<FakeConfig>true</FakeConfig>
				<RandomFrom>aaaaaa</RandomFrom>
				<RandomTo>ZZZZZZ</RandomTo>
				<DefaultValue>shit!</DefaultValue>
			</Column>
			<Column>
				<ColumnName>column2</ColumnName>
				<DataType>String</DataType>
				<MaxLength>10</MaxLength>
				<FakeConfig>true</FakeConfig>
				<RandomFrom>2019/04/04 12:00:00.000</RandomFrom>
				<RandomTo>2019/04/04 12:00:00.000</RandomTo>
				<DefaultValue>2019/04/04 12:00:00.000</DefaultValue>
			</Column>
			<Column>
				<ColumnName>column3</ColumnName>
				<DataType>String</DataType>
				<MaxLength>10</MaxLength>
				<FakeConfig>true</FakeConfig>
				<RandomFrom>2019/04/04 12:00:00.000</RandomFrom>
				<RandomTo>2019/04/04 12:00:00.000</RandomTo>
				<DefaultValue>2019/04/04 12:00:00.000</DefaultValue>
			</Column>
		</Columns>

		<SubTables>
			<SubTable>
				<TableName>table2</TableName>
				<NumberOfRowsToInsert>2</NumberOfRowsToInsert>
				<RelationColumns>
					<RelationColumn>
						<OriginalColumn>table1.column1</OriginalColumn>
						<DestinalColumn>table2.column1</DestinalColumn>
					</RelationColumn>
					<RelationColumn>
						<OriginalColumn>table1.column2</OriginalColumn>
						<DestinalColumn>table2.column2</DestinalColumn>
					</RelationColumn>
				</RelationColumns>
			</SubTable>

		</SubTables>
	</Table>

	<Table tablename="table2">
		<ObjectName>table1</ObjectName>
		<NumberOfRowsToInsert>5000</NumberOfRowsToInsert>
		<PrimaryKeys>
			<PrimaryKey>column1</PrimaryKey>
			<PrimaryKey>column2</PrimaryKey>
		</PrimaryKeys>

		<Columns>
			<Column>
				<ColumnName>column1</ColumnName>
				<DataType>String</DataType>
				<MaxLength>6</MaxLength>
				<FakeConfig>true</FakeConfig>
				<RandomFrom>aaaaaa</RandomFrom>
				<RandomTo>ZZZZZZ</RandomTo>
				<DefaultValue>shit!</DefaultValue>
			</Column>
			<Column>
				<ColumnName>column2</ColumnName>
				<DataType>String</DataType>
				<MaxLength>10</MaxLength>
				<FakeConfig>true</FakeConfig>
				<RandomFrom>2019/04/04 12:00:00.000</RandomFrom>
				<RandomTo>2019/04/04 12:00:00.000</RandomTo>
				<DefaultValue>2019/04/04 12:00:00.000</DefaultValue>
			</Column>
		</Columns>

		<SubTables>
			<SubTable>
				<TableName>table2</TableName>
				<NumberOfRowsToInsert>2</NumberOfRowsToInsert>
				<RelationColumns>
					<RelationColumn>
						<OriginalColumn>table1.column1</OriginalColumn>
						<DestinalColumn>table2.column1</DestinalColumn>
					</RelationColumn>
					<RelationColumn>
						<OriginalColumn>table1.column2</OriginalColumn>
						<DestinalColumn>table2.column2</DestinalColumn>
					</RelationColumn>
				</RelationColumns>
			</SubTable>

		</SubTables>
	</Table>

</Tables>